plastic_25_001.jpg,2
plastic_25_002.jpg,2
plastic_25_003.jpg,2
plastic_25_004.jpg,2
plastic_25_005.jpg,2
plastic_25_006.jpg,2
plastic_25_007.jpg,2
plastic_25_008.jpg,2
plastic_25_009.jpg,2
plastic_25_010.jpg,2
plastic_25_011.jpg,2
plastic_25_012.jpg,2
plastic_25_013.jpg,2
plastic_25_014.jpg,2
plastic_25_015.jpg,2
plastic_25_016.jpg,2
plastic_25_017.jpg,2
plastic_25_018.jpg,2
plastic_25_019.jpg,2
plastic_25_020.jpg,2
plastic_25_021.jpg,2
plastic_25_022.jpg,2
plastic_25_023.jpg,2
plastic_25_024.jpg,2
plastic_25_025.jpg,2
plastic_25_026.jpg,2
plastic_25_027.jpg,2
plastic_25_028.jpg,2
plastic_25_029.jpg,2
plastic_25_030.jpg,2
plastic_25_031.jpg,2
plastic_25_032.jpg,2
plastic_25_033.jpg,2
